{
  "generated": "2026-02-16T02:23:00.562445",
  "prover": "proofatlas",
  "preset": "gcn_mlp",
  "completed": 8398,
  "total": 8398,
  "progress_pct": 100.0,
  "stats": {
    "proof": 848,
    "saturated": 0,
    "resource_limit": 7527,
    "error": 23
  },
  "proof_rate": 10.097642295784711
}