{
  "generated": "2026-02-14T19:20:38.666051",
  "prover": "proofatlas",
  "preset": "age_weight",
  "completed": 8398,
  "total": 8398,
  "progress_pct": 100.0,
  "stats": {
    "proof": 1383,
    "saturated": 0,
    "resource_limit": 6992,
    "error": 23
  },
  "proof_rate": 16.468206715884733
}