{
  "generated": "2026-04-03T16:37:07.072009",
  "prover": "proofatlas",
  "preset": "gcn_struct_mlp",
  "completed": 11091,
  "total": 11091,
  "progress_pct": 100.0,
  "stats": {
    "proof": 1443,
    "saturated": 0,
    "resource_limit": 9648,
    "error": 0
  },
  "proof_rate": 13.010549093859886
}