{
  "generated": "2026-05-04T20:18:31.982389",
  "prover": "proofatlas",
  "preset": "age_weight",
  "completed": 11091,
  "total": 11091,
  "progress_pct": 100.0,
  "stats": {
    "proof": 2984,
    "saturated": 0,
    "resource_limit": 8107,
    "error": 0
  },
  "proof_rate": 26.904697502479486
}