{
  "generated": "2026-04-12T14:44:55.030600",
  "prover": "proofatlas",
  "preset": "gcn_struct_mlp_r3",
  "completed": 11091,
  "total": 11091,
  "progress_pct": 100.0,
  "stats": {
    "proof": 2636,
    "saturated": 0,
    "resource_limit": 8455,
    "error": 0
  },
  "proof_rate": 23.767018303128662
}