{
  "generated": "2026-04-16T00:31:51.920850",
  "prover": "proofatlas",
  "preset": "sentence_mlp",
  "completed": 3138,
  "total": 11091,
  "progress_pct": 28.293210711387612,
  "stats": {
    "proof": 571,
    "saturated": 0,
    "resource_limit": 2567,
    "error": 0
  },
  "proof_rate": 18.196303377947736
}