{
  "generated": "2026-04-11T23:05:06.495446",
  "prover": "proofatlas",
  "preset": "gcn_struct_mlp_r2",
  "completed": 11091,
  "total": 11091,
  "progress_pct": 100.0,
  "stats": {
    "proof": 2621,
    "saturated": 0,
    "resource_limit": 8470,
    "error": 0
  },
  "proof_rate": 23.631773510053197
}