{
  "generated": "2026-04-18T07:30:58.733369",
  "prover": "proofatlas",
  "preset": "age_weight",
  "completed": 11091,
  "total": 11091,
  "progress_pct": 100.0,
  "stats": {
    "proof": 2983,
    "saturated": 0,
    "resource_limit": 8108,
    "error": 0
  },
  "proof_rate": 26.895681182941125
}