{
  "generated": "2026-04-17T07:42:16.556152",
  "prover": "proofatlas",
  "preset": "gcn_mlp",
  "completed": 11091,
  "total": 11091,
  "progress_pct": 100.0,
  "stats": {
    "proof": 2443,
    "saturated": 0,
    "resource_limit": 8648,
    "error": 0
  },
  "proof_rate": 22.026868632224325
}