{
  "generated": "2026-04-15T00:11:53.421970",
  "prover": "proofatlas",
  "preset": "gcn_struct_mlp_p3",
  "completed": 11091,
  "total": 11091,
  "progress_pct": 100.0,
  "stats": {
    "proof": 2369,
    "saturated": 0,
    "resource_limit": 8722,
    "error": 0
  },
  "proof_rate": 21.359660986385357
}