{
  "generated": "2026-01-22T21:14:12.543141",
  "prover": "vampire",
  "preset": "age_weight_sel0",
  "completed": 8398,
  "total": 8398,
  "progress_pct": 100.0,
  "stats": {
    "proof": 3031,
    "saturated": 0,
    "timeout": 5367,
    "error": 0
  },
  "proof_rate": 36.09192664920219
}