{
  "generated": "2026-01-22T21:16:10.732851",
  "prover": "vampire",
  "preset": "age_weight_sel20",
  "completed": 8398,
  "total": 8398,
  "progress_pct": 100.0,
  "stats": {
    "proof": 2956,
    "saturated": 0,
    "timeout": 5442,
    "error": 0
  },
  "proof_rate": 35.19885687068349
}