{
  "generated": "2026-02-10T11:49:14.254096",
  "prover": "proofatlas",
  "preset": "gcn_mlp",
  "completed": 341,
  "total": 384,
  "progress_pct": 88.80208333333333,
  "stats": {
    "proof": 221,
    "saturated": 0,
    "resource_limit": 120,
    "error": 0
  },
  "proof_rate": 64.80938416422288
}