{
  "generated": "2026-01-16T20:54:53.736872",
  "prover": "proofatlas",
  "preset": "steps_sel20",
  "completed": 8398,
  "total": 8398,
  "progress_pct": 100.0,
  "stats": {
    "proof": 2408,
    "saturated": 1,
    "timeout": 5961,
    "error": 28
  },
  "proof_rate": 28.673493688973565
}