{
  "generated": "2026-02-13T07:59:58.613278",
  "prover": "proofatlas",
  "preset": "gcn_mlp",
  "completed": 8398,
  "total": 8398,
  "progress_pct": 100.0,
  "stats": {
    "proof": 1400,
    "saturated": 0,
    "resource_limit": 6931,
    "error": 67
  },
  "proof_rate": 16.670635865682307
}