{
  "generated": "2026-01-22T13:53:13.042680",
  "prover": "proofatlas",
  "preset": "steps_sel20",
  "completed": 8398,
  "total": 8398,
  "progress_pct": 100.0,
  "stats": {
    "proof": 2576,
    "saturated": 1,
    "timeout": 5792,
    "error": 29
  },
  "proof_rate": 30.67396999285544
}