{
  "generated": "2026-01-22T09:37:02.824736",
  "prover": "proofatlas",
  "preset": "steps_sel0",
  "completed": 8398,
  "total": 8398,
  "progress_pct": 100.0,
  "stats": {
    "proof": 2374,
    "saturated": 0,
    "timeout": 5998,
    "error": 26
  },
  "proof_rate": 28.268635389378424
}