{
  "generated": "2026-01-22T17:35:07.979879",
  "prover": "proofatlas",
  "preset": "steps_sel21",
  "completed": 8398,
  "total": 8398,
  "progress_pct": 100.0,
  "stats": {
    "proof": 2835,
    "saturated": 1,
    "timeout": 5533,
    "error": 29
  },
  "proof_rate": 33.75803762800667
}