{
  "generated": "2026-01-16T13:54:30.126082",
  "prover": "proofatlas",
  "preset": "time_sel21",
  "completed": 9547,
  "total": 9547,
  "progress_pct": 100.0,
  "stats": {
    "proof": 3345,
    "saturated": 0,
    "timeout": 6156,
    "error": 46
  },
  "proof_rate": 35.03718445585
}