{
  "generated": "2026-02-09T20:27:05.962704",
  "prover": "proofatlas",
  "preset": "gcn_mlp",
  "completed": 347,
  "total": 384,
  "progress_pct": 90.36458333333333,
  "stats": {
    "proof": 232,
    "saturated": 0,
    "resource_limit": 115,
    "error": 0
  },
  "proof_rate": 66.85878962536023
}