{
  "generated": "2026-01-27T11:30:20.004616",
  "prover": "proofatlas",
  "preset": "age_weight_sel20",
  "completed": 8398,
  "total": 8398,
  "progress_pct": 100.0,
  "stats": {
    "proof": 2691,
    "saturated": 0,
    "timeout": 5677,
    "error": 30
  },
  "proof_rate": 32.04334365325077
}