{
  "generated": "2026-01-17T00:43:18.522631",
  "prover": "proofatlas",
  "preset": "steps_sel22",
  "completed": 8398,
  "total": 8398,
  "progress_pct": 100.0,
  "stats": {
    "proof": 2638,
    "saturated": 0,
    "timeout": 5732,
    "error": 28
  },
  "proof_rate": 31.41224100976423
}