{
  "generated": "2026-01-16T22:51:32.707829",
  "prover": "proofatlas",
  "preset": "steps_sel21",
  "completed": 8398,
  "total": 8398,
  "progress_pct": 100.0,
  "stats": {
    "proof": 2651,
    "saturated": 0,
    "timeout": 5719,
    "error": 28
  },
  "proof_rate": 31.567039771374137
}