{
  "generated": "2026-02-11T17:12:39.953075",
  "prover": "proofatlas",
  "preset": "age_weight",
  "completed": 294,
  "total": 8401,
  "progress_pct": 3.4995833829306036,
  "stats": {
    "proof": 42,
    "saturated": 0,
    "resource_limit": 251,
    "error": 1
  },
  "proof_rate": 14.285714285714286
}