{
  "generated": "2026-02-09T14:06:38.066408",
  "prover": "proofatlas",
  "preset": "sentence_mlp",
  "completed": 13,
  "total": 384,
  "progress_pct": 3.3854166666666665,
  "stats": {
    "proof": 10,
    "saturated": 0,
    "resource_limit": 3,
    "error": 0
  },
  "proof_rate": 76.92307692307692
}