{
  "generated": "2026-01-27T07:03:41.147991",
  "prover": "proofatlas",
  "preset": "age_weight_sel0",
  "completed": 8398,
  "total": 8398,
  "progress_pct": 100.0,
  "stats": {
    "proof": 2366,
    "saturated": 0,
    "timeout": 6006,
    "error": 26
  },
  "proof_rate": 28.173374613003094
}