{
  "generated": "2026-01-16T18:56:55.431309",
  "prover": "proofatlas",
  "preset": "steps_sel20",
  "completed": 162,
  "total": 8398,
  "progress_pct": 1.929030721600381,
  "stats": {
    "proof": 9,
    "saturated": 0,
    "timeout": 149,
    "error": 4
  },
  "proof_rate": 5.555555555555555
}