{
  "generated": "2026-01-29T06:54:10.312118",
  "prover": "proofatlas",
  "preset": "gcn_mlp_sel0",
  "completed": 14,
  "total": 8398,
  "progress_pct": 0.16670635865682304,
  "stats": {
    "proof": 1,
    "saturated": 0,
    "timeout": 13,
    "error": 0
  },
  "proof_rate": 7.142857142857143
}