{
  "generated": "2026-01-16T13:54:44.221309",
  "prover": "proofatlas",
  "preset": "time_sel22",
  "completed": 9547,
  "total": 9547,
  "progress_pct": 100.0,
  "stats": {
    "proof": 3395,
    "saturated": 0,
    "timeout": 6054,
    "error": 98
  },
  "proof_rate": 35.56090918613177
}