{
  "generated": "2026-01-16T18:42:55.559617",
  "prover": "proofatlas",
  "preset": "steps_sel0",
  "completed": 8398,
  "total": 8398,
  "progress_pct": 100.0,
  "stats": {
    "proof": 2213,
    "saturated": 0,
    "timeout": 6159,
    "error": 26
  },
  "proof_rate": 26.351512264824958
}