{
  "generated": "2026-02-12T05:17:18.224960",
  "prover": "proofatlas",
  "preset": "age_weight",
  "completed": 8401,
  "total": 8401,
  "progress_pct": 100.0,
  "stats": {
    "proof": 1439,
    "saturated": 2,
    "resource_limit": 6937,
    "error": 23
  },
  "proof_rate": 17.128913224616117
}