{
  "generated": "2026-01-17T02:43:04.654805",
  "prover": "spass",
  "preset": "steps_sel22",
  "completed": 8398,
  "total": 8398,
  "progress_pct": 100.0,
  "stats": {
    "proof": 3218,
    "saturated": 0,
    "timeout": 5157,
    "error": 23
  },
  "proof_rate": 38.31864729697547
}