{
  "generated": "2026-01-17T02:07:23.611494",
  "prover": "spass",
  "preset": "steps_sel21",
  "completed": 8398,
  "total": 8398,
  "progress_pct": 100.0,
  "stats": {
    "proof": 3221,
    "saturated": 0,
    "timeout": 5153,
    "error": 24
  },
  "proof_rate": 38.35437008811622
}