{
  "generated": "2026-01-16T13:55:38.843824",
  "prover": "spass",
  "preset": "time_sel21",
  "completed": 8398,
  "total": 8398,
  "progress_pct": 100.0,
  "stats": {
    "proof": 5117,
    "saturated": 0,
    "timeout": 3261,
    "error": 20
  },
  "proof_rate": 60.931174089068826
}