{
  "generated": "2026-01-22T23:12:10.343721",
  "prover": "spass",
  "preset": "steps_sel22",
  "completed": 8398,
  "total": 8398,
  "progress_pct": 100.0,
  "stats": {
    "proof": 3218,
    "saturated": 0,
    "timeout": 5156,
    "error": 24
  },
  "proof_rate": 38.31864729697547
}