{
  "generated": "2026-01-16T13:56:03.428275",
  "prover": "vampire",
  "preset": "steps_sel0",
  "completed": 8398,
  "total": 8398,
  "progress_pct": 100.0,
  "stats": {
    "proof": 4285,
    "saturated": 0,
    "timeout": 4113,
    "error": 0
  },
  "proof_rate": 51.02405334603477
}