{
  "generated": "2026-01-16T13:56:33.940144",
  "prover": "vampire",
  "preset": "steps_sel21",
  "completed": 8398,
  "total": 8398,
  "progress_pct": 100.0,
  "stats": {
    "proof": 4409,
    "saturated": 0,
    "timeout": 3989,
    "error": 0
  },
  "proof_rate": 52.50059537985235
}