{
  "generated": "2026-01-22T21:18:09.625787",
  "prover": "vampire",
  "preset": "steps_sel22",
  "completed": 8398,
  "total": 8398,
  "progress_pct": 100.0,
  "stats": {
    "proof": 2913,
    "saturated": 0,
    "timeout": 5485,
    "error": 0
  },
  "proof_rate": 34.68683019766611
}