{
  "generated": "2026-01-17T00:45:09.859661",
  "prover": "vampire",
  "preset": "steps_sel0",
  "completed": 8398,
  "total": 8398,
  "progress_pct": 100.0,
  "stats": {
    "proof": 3031,
    "saturated": 0,
    "timeout": 5367,
    "error": 0
  },
  "proof_rate": 36.09192664920219
}