{
  "generated": "2026-01-17T00:48:05.837009",
  "prover": "vampire",
  "preset": "steps_sel21",
  "completed": 8398,
  "total": 8398,
  "progress_pct": 100.0,
  "stats": {
    "proof": 3151,
    "saturated": 0,
    "timeout": 5247,
    "error": 0
  },
  "proof_rate": 37.5208382948321
}